standard_make,standard_model
Volvo,XC90
Jaguar,XF
SKODA,Yeti
Vauxhall,Mokka
Land Rover,Range Rover Sport
Audi,S5
Vauxhall,Viva
Land Rover,Range Rover
Mercedes-Benz,S Class
Volkswagen,Passat
Peugeot,208
SKODA,Octavia
SEAT,Leon
MINI,Hatch
BMW,2 Series Gran Tourer
Volkswagen,Golf
Nissan,X-Trail
Mercedes-Benz,C Class
Volkswagen,T-Cross
Vauxhall,Corsa
Nissan,Qashqai
SKODA,Citigo
Mitsubishi,Colt
Vauxhall,Astra GTC
Ferrari,308
Citroen,Grand C4 SpaceTourer
Toyota,Yaris
Volvo,XC60
Toyota,Verso
Kia,Sorento
Volvo,V40
Renault,Koleos
Fiat,Panda
Volvo,V60
BMW,5 Series Gran Turismo
Audi,A3
Peugeot,108
Honda,Jazz
Honda,Civic
Volvo,S60
Mercedes-Benz,E Class
Jaguar,XK8
BMW,7 Series
Fiat,500
Volkswagen,Polo
Vauxhall,Astra
Volkswagen,Caddy Life
Vauxhall,Insignia
Audi,A1
BMW,3 Series
Citroen,C1
Bentley,Continental
Audi,Q3
Audi,S4
BMW,X5
Nissan,Note
DS AUTOMOBILES,DS 3
Kia,Soul
Volvo,V50
MINI,Convertible
Citroen,C3
SEAT,Ibiza
Hyundai,ix20
MINI,Clubman
SKODA,Fabia
Volvo,XC40
Honda,Accord
Renault,Clio
Volkswagen,T-Roc
Volkswagen,Tiguan
Aston Martin,Vantage
Fiat,500C
Mercedes-Benz,A Class
Vauxhall,Mokka X
Nissan,Micra
Peugeot,107
Toyota,Auris
Mercedes-Benz,GLB Class
BMW,5 Series
Volkswagen,Scirocco
SEAT,Tarraco
Volkswagen,Golf SV
McLaren,Senna
BMW,1 Series
Citroen,C3 Aircross
Toyota,C-HR
SKODA,Kamiq
DS AUTOMOBILES,DS 3 CABRIO
Smart,forfour
Hyundai,i800
BMW,X1
Vauxhall,Crossland X
Renault,Zoe
Audi,A4
Land Rover,Range Rover Evoque
Alfa Romeo,Giulia
Porsche,Boxster
Toyota,AYGO
Toyota,RAV4
Mitsubishi,Outlander
Abarth,595C
Hyundai,Santa Fe
Land Rover,Discovery Sport
Mazda,CX-5
Land Rover,Freelander 2
BMW,4 Series
Hyundai,i30
Mercedes-Benz,GLA Class
Honda,CR-V
Mercedes-Benz,GL Class
Toyota,Avensis
Mazda,Mazda3
Mercedes-Benz,GLE Class
Kia,Venga
Audi,A5
Toyota,Prius+
Peugeot,3008
Audi,TT
Mitsubishi,Mirage
Renault,Kadjar
Suzuki,Swift
Citroen,C4 Cactus
Audi,TTS
BMW,X3
Porsche,Cayenne
Kia,Ceed
Renault,Captur
Hyundai,ix35
Jaguar,E-PACE
Kia,Sportage
Nissan,Juke
Toyota,Corolla Verso
Audi,A6 Allroad
Audi,A5 Cabriolet
Suzuki,Ignis
MINI,Countryman
MG,MG ZS
Vauxhall,Zafira
Porsche,911
Hyundai,i10
Toyota,Yaris Verso
Porsche,Panamera
Kia,Rio
Peugeot,207 CC
Fiat,500L
Audi,A4 Avant
Dacia,Sandero Stepway
Volkswagen,ID.3
Hyundai,i20
Subaru,WRX STI
Volkswagen,Caddy
Kia,Picanto
Volkswagen,Beetle
Peugeot,308
Volkswagen,Touran
Peugeot,2008
Audi,A6 Saloon
Peugeot,207
Mercedes-Benz,CLA Class
Audi,Q2
Land Rover,Range Rover Velar
Mercedes-Benz,B Class
Dacia,Sandero
SsangYong,Korando
SKODA,Kodiaq
BMW,4 Series Gran Coupe
SKODA,Scala
Volkswagen,Fox
Maserati,Levante
BMW,3 Series Gran Turismo
Alfa Romeo,Giulietta
Volvo,V90 Cross Country
Mercedes-Benz,CLS
Vauxhall,Zafira Tourer
BMW,X6M
Audi,A6 Avant
Mitsubishi,Grandis
Ferrari,458
Hyundai,Ioniq
Porsche,718 Cayman
Mercedes-Benz,GLS Class
Smart,fortwo
Audi,A7
BMW,X2
Audi,RS7
Citroen,C4 Picasso
Volkswagen,up!
Mercedes-Benz,SEC Series
Hyundai,Tucson
Suzuki,Celerio
Toyota,Camry
Nissan,Leaf
Toyota,Prius
Saab,9-3
Land Rover,Discovery 4
Audi,A8
Vauxhall,Grandland X
Rolls-Royce,Wraith
Volkswagen,Touareg
Citroen,Grand C4 Picasso
Citroen,Xsara Picasso
Toyota,Land Cruiser
Lexus,RX 450h
Audi,R8
Kia,XCeed
Lexus,CT 200h
BMW,M3
Honda,HR-V
Audi,Q5
SKODA,Superb
Peugeot,308 SW
Land Rover,Defender 110
Jaguar,F-PACE
Maserati,Quattroporte
DS AUTOMOBILES,DS 7 CROSSBACK
Mazda,CX-30
Mazda,Mazda5
SKODA,Karoq
Jaguar,I-PACE
Jeep,Renegade
Vauxhall,Vivaro
Mazda,CX-3
Land Rover,Defender 90
BMW,Z4
Ferrari,F430
Porsche,Macan
SEAT,Ateca
Audi,SQ5
Audi,Q7
Vauxhall,Agila
Vauxhall,Meriva
Volkswagen,Sharan
Volvo,V70
Subaru,XV
Suzuki,Vitara
Bentley,Arnage
SEAT,Arona
Lexus,NX 300h
Volvo,S40
BMW,2 Series
Ferrari,California
Vauxhall,Vectra
Audi,S3
Vauxhall,ADAM
Mercedes-Benz,GLC Class
Kia,Optima
Jeep,Compass
Mercedes-Benz,M Class
Peugeot,508 SW
Abarth,595
Porsche,718 Boxster
Dacia,Duster
Jeep,Wrangler
Land Rover,Discovery
Citroen,Berlingo
Jaguar,X-Type
Citroen,C3 Picasso
Audi,RS Q3
Hyundai,Coupe
Panther,Kallista
Vauxhall,Tigra
Jaguar,F-Type
DS AUTOMOBILES,DS 3 CROSSBACK
Nissan,Navara
MG,MG3
SKODA,Rapid Spaceback
Mercedes-Benz,CLK
Ferrari,F12berlinetta
SEAT,Alhambra
Chevrolet,Spark
Aston Martin,DB7
Renault,Megane
Mazda,Mazda6
Mercedes-Benz,SLK
Lamborghini,Aventador
Hyundai,Kona
SKODA,Roomster
BMW,X6
Citroen,C5 Aircross
Audi,A4 Cabriolet
BMW,6 Series
BMW,2 Series Active Tourer
Kia,Carens
Audi,A4 Allroad
BMW,Alpina D3 Bi-Turbo
Mercedes-Benz,G Class
Daihatsu,Terios
BMW,Z3
Alfa Romeo,4C
BMW,M5
Mercedes-Benz,SL Class
BMW,8 Series
Peugeot,Partner Tepee
Mazda,Mazda2
BMW,M4
Kia,Niro
Suzuki,SX4 S-Cross
Volkswagen,Tiguan Allspace
Lexus,IS 250
Volkswagen,CC
Ferrari,599
Porsche,Cayman
Volvo,S90
Mitsubishi,ASX
Dacia,Logan MCV
Renault,Scenic
Mazda,MX-5 RF
Chevrolet,Aveo
Jaguar,XE
Land Rover,Freelander
Volkswagen,Caravelle
Lexus,IS 300
Toyota,Corolla
Rolls-Royce,Phantom
Volkswagen,Transporter Sportline
Subaru,Forester
Chevrolet,Trax
Aston Martin,DB4
SsangYong,Musso
Audi,S7
Dodge,RAM
MG,MG HS
Toyota,Estima
Peugeot,Rifter
Aston Martin,DB9
Volvo,V90
SEAT,Mii
MINI,Coupe
Vauxhall,Antara
Nissan,GT-R
Honda,FR-V
Nissan,Qashqai+2
Fiat,Tipo
SsangYong,Rodius
Audi,RS5
Isuzu,Rodeo
Jaguar,XKR
Toyota,Celica
Fiat,500X
Renault,Kangoo
SKODA,Rapid
Lexus,UX 250h
Peugeot,5008
BMW,M2
Ferrari,488
Volvo,V40 Cross Country
Alfa Romeo,GT
Land Rover,90
Peugeot,508
Renault,Grand Scenic
Audi,RS3
Maserati,Gransport
Mercedes-Benz,SLC
Porsche,Taycan
Jeep,Cherokee
Citroen,DS3
Fiat,Doblo
Lotus,Elise
Volkswagen,Arteon
Citroen,C5
BMW,6 Series Gran Coupe
Subaru,Outback
Jeep,Grand Cherokee
Alfa Romeo,Stelvio
Fiat,Punto Evo
Mercedes-Benz,V Class
Suzuki,Jimny
Lexus,GS 300
Toyota,iQ
Citroen,C4
Subaru,Legacy
Jaguar,XJ
Saab,900
Audi,RS6 Avant
Tesla,Model S
Audi,RS4 Cabriolet
Chevrolet,Cruze
Toyota,Hilux
BMW,6 Series Gran Turismo
Suzuki,Grand Vitara
Vauxhall,Omega
Volvo,V60 Cross Country
Audi,S8
Kia,ProCeed
Audi,TT RS
TVR,Griffith
BMW,i3
Mitsubishi,Eclipse Cross
GMC,Sierra
Honda,CR-Z
Land Rover,Discovery 3
Hyundai,i40
Peugeot,407
Audi,S4 Avant
Citroen,C-Crosser
Rover,Mini
Kia,Stonic
Mitsubishi,L200
SsangYong,Rexton
Nissan,Skyline
Audi,E-Tron
Renault,Grand Modus
Maserati,4200
Bentley,Bentayga
Suzuki,Alto
Volkswagen,Transporter Shuttle
Volvo,C30
Cadillac,BLS
BMW,X4
Audi,A3 Cabriolet
SsangYong,Tivoli XLV
Peugeot,RCZ
Renault,Twingo
Vauxhall,Combo Life
Lotus,Elise S
Infiniti,Q50
McLaren,600LT
SEAT,Altea XL
Nissan,370 Z
Toyota,Urbancruiser
Toyota,Voxy
Citroen,DS5
BMW,X5 M
Aston Martin,DB6
Vauxhall,VXR8
Hyundai,Accent
Alpine,A110
Alfa Romeo,MiTo
Nissan,Elgrand
BMW,i8
Fiat,Grande Punto
Lexus,RX 400h
BMW,8 Series Gran Coupe
McLaren,12C
SEAT,Altea
Peugeot,206
Volkswagen,Bora
DS AUTOMOBILES,DS 4
Mitsubishi,Pajero
Dodge,Caliber
DS AUTOMOBILES,DS 4 CROSSBACK
Toyota,Previa
Citroen,C3 Pluriel
MINI,Roadster
Mazda,RX-8
Peugeot,308 CC
Volkswagen,Transporter
Chevrolet,Captiva
Chrysler,Neon
Nissan,Almera
Honda,NSX
Citroen,C4 SpaceTourer
MINI,Paceman
Maserati,Granturismo
BMW,X6 M
Nissan,Pulsar
Ferrari,360
Toyota,GT86
Volkswagen,Golf Plus
Mercedes-Benz,560
Suzuki,Baleno
Nissan,Pixo
Honda,Odyssey
BMW,Alpina B3 Bi-Turbo
Mazda,MX-5
Mitsubishi,Lancer
Honda,Honda E
Ferrari,FF
Ferrari,GTC4Lusso
Mercedes-Benz,CLC Class
Jaguar,S-Type
Toyota,PROACE Verso
Triumph,TR3
Volkswagen,Jetta
Citroen,DS3 Cabrio
Kia,Sedona
Morgan,Plus Four
Land Rover,Series II
Chevrolet,Lacetti
Lamborghini,Gallardo
Porsche,968
Ferrari,Portofino
Chrysler,300C
DS AUTOMOBILES,DS 5
Peugeot,205
Mercedes-Benz,CL
Suzuki,Splash
Volvo,S80
Aston Martin,DB11
SsangYong,Tivoli
Audi,SQ7
Honda,Insight
Chevrolet,Matiz
Kia,Stinger
Peugeot,Boxer
BMW,X3 M
Audi,S1
Lexus,SC 430
Lexus,RX 200t
Chrysler,Delta
Suzuki,SX4
Lexus,NX Unspecified
Renault,Laguna
Porsche,944
Lamborghini,Urus
Suzuki,Liana
Peugeot,307 SW
Peugeot,Expert
Porsche,718 Spyder
Jaguar,XK
Toyota,Supra
Toyota,FJ Cruiser
Subaru,Impreza
Daihatsu,Charade
Citroen,C2
Audi,Q8
Volvo,C70
Chrysler,Voyager
Lamborghini,Huracan
Mercedes-Benz,280
Audi,RSQ8
Volvo,XC70
Hyundai,Matrix
BMW,Z4M
Infiniti,Q30
Lexus,IS 220d
BMW,X4 M
Fiat,Punto
Dax,Tojeiro
BMW,2 Series Gran Coupe
BMW,Z3M
Peugeot,Expert Tepee
Lexus,RC 300h
Lotus,Esprit
Audi,RS4 Avant
SEAT,Exeo
Jaguar,XJS
Alfa Romeo,159 Sportwagon
Audi,A6 Unspecified
Toyota,Alphard
Mercedes-Benz,Vito
Hyundai,Getz
Abarth,124 Spider
Maserati,Ghibli
Mercedes-Benz,EQC
Infiniti,FX
Fiat,Talento
Toyota,MR2
Nissan,NV200
Lexus,ES 300h
Renault,Modus
Alfa Romeo,147
MG,MGF
Hyundai,Amica
McLaren,570GT
Dacia,Logan MCV Stepway
Fiat,Bravo
London Taxis International,TXI
Chevrolet,Kalos
Nissan,Primera
Mercedes-Benz,AMG GT
Peugeot,307 CC
Volkswagen,Eos
Audi,S4 Cabriolet
MG,ZT
Kia,Magentis
Rolls-Royce,Dawn
BMW,X5M
Ferrari,488 Pista
Abarth,500
Rolls-Royce,Cullinan
Chrysler,Ypsilon
Mitsubishi,Shogun Sport
Honda,S2000
Citroen,Nemo Multispace
Ferrari,F355
Rover,25
BMW,Z8
Ferrari,Superamerica
Nissan,Almera Tino
Chevrolet,C10
Lexus,RX L 450h
Peugeot,Traveller
Peugeot,Partner
Daimler,XJ Series
Bentley,Mulsanne
Renault,Wind
Dodge,Challenger
Smart,Crossblade
Jaguar,Mark II
Subaru,BRZ
Chevrolet,Epica
Mitsubishi,3000GT
Toyota,Verso S
Rolls-Royce,Silver Spur
SEAT,Arosa
Lexus,RX 300
Nissan,Serena
CUPRA,Ateca
Lexus,GS 450h
MG,MG5
Citroen,2 CV
Isuzu,D-Max
Peugeot,407 SW
Mitsubishi,Shogun
Land Rover,Defender Unspecified
Peugeot,206 CC
Mitsubishi,GTO
Daimler,Double Six
Tesla,Model X
Aston Martin,Vanquish
Subaru,Sambar
Porsche,Carrera GT
Fiat,124 Spider
Nissan,350 Z
MG,TF
Alfa Romeo,159
McLaren,720S
BMW,X7
Cadillac,Seville
Audi,RS4
Volkswagen,Corrado
Mercedes-Benz,Viano
Hyundai,Veloster
Audi,SQ2
Volkswagen,Caddy Maxi Life
Vauxhall,Cascada
Ferrari,812 Superfast
Peugeot,207 SW
Tesla,Model 3
Toyota,Noah
Bentley,Flying Spur
Daihatsu,Sirion
Mercedes-Benz,R Class
Rover,75
Subaru,Levorg
Chevrolet,Corvette
Peugeot,307
Rolls-Royce,Corniche
BMW,M6
Jaguar,E-Type
McLaren,570S
Chrysler,Grand Voyager
Peugeot,406
Nissan,Pathfinder
Abarth,500C
Mercedes-Benz,190
Nissan,e-NV200
Lotus,Evora
MG,MG6
Daimler,SP
Lexus,IS Unspecified
Land Rover,Lightweight
MG,Metro
BMW,Alpina XD3 Bi-Turbo
Jeep,Wagoneer
Rolls-Royce,Ghost
Citroen,C6
Fiat,Barchetta
Volkswagen,Campervan
Mercedes-Benz,AMG
Lexus,IS 200
Fiat,Qubo
Citroen,DS4
Chrysler,Sebring
MG,MGB
Citroen,SpaceTourer
Volkswagen,Caddy Maxi
Bentley,Azure
Volkswagen,California
Morgan,Roadster
Chrysler,Crossfire
Land Rover,110
Ferrari,430
Porsche,924
Nissan,Figaro
Fiat,Coupe
McLaren,GT
Alfa Romeo,Spider
Nissan,Micra C+C
Volkswagen,Phaeton
MG,GS
Ferrari,F8 Tributo
Saab,9-5
Triumph,TR6
Citroen,Dispatch
Citroen,Saxo
Mercedes-Benz,500
Smart,Roadster
TVR,Tuscan
Audi,S6 Saloon
Aston Martin,DBS
Perodua,Myvi
Abarth,695
MG,MGB GT
Bentley,Brooklands
Mercedes-Benz,SLS
Honda,Elysion
Mercedes-Benz,300
Maserati,GranCabrio
Peugeot,206 SW
Dodge,Nitro
Lincoln,Navigator
BMW,Z4 M
Renault,Scenic Xmod
Abarth,Grande Punto
SsangYong,Kyron
Rover,45
Bugatti,Veyron
BMW,Z3 M
Lexus,RX 350
SEAT,Toledo
Daimler,Saloon
Citroen,Relay
Ferrari,348
Vauxhall,Calibra
Vauxhall,Signum
Great Wall,Steed
Chevrolet,Orlando
Alfa Romeo,Brera
Replica,Cobra
SEAT,Cordoba
Alfa Romeo,156
Opel,Astra
MINI,Clubvan
Daimler,Super Eight
Vauxhall,Ampera
AC,Cobra
Suzuki,Wagon R
Hyundai,Terracan
Ferrari,F40
Ferrari,328
MG,ZR
Mitsubishi,Colt Cabriolet
Rolls-Royce,Silver Shadow
Mercedes-Benz,200
McLaren,540C
Lexus,GS 250
Vauxhall,Combo
Proton,GEN-2
Aston Martin,V8
Rover,100
Lancia,Delta
Renault,GTA
Renault,Trafic
BMW,Alpina B5
Dodge,Journey
Ferrari,612
Austin,Seven
Alfa Romeo,2000
Ferrari,550
SsangYong,Turismo
Austin,Mini
McLaren,650S
Fiat,Ducato
BMW,Alpina B10
Mitsubishi,i-MiEV
Mitsubishi,Shogun Pinin
Rolls-Royce,Silver Spirit
Honda,Stepwagon
Audi,RS6
Jaguar,XKR-S
Nissan,Terrano
Mitsubishi,Carisma
Porsche,356
Daihatsu,Copen
Mitsubishi,Delica
Volvo,940
MG,XPower
Vauxhall,Movano
Lotus,Exige
Chevrolet,Volt
Morris,1000
Westfield,Roadster
Nissan,Cubic
Mazda,Bongo
Maybach,62
Austin,Healey
Corvette,ZR1
Volvo,850
BMW,M8
Tiger,Era HSS
LEVC,TX
Iveco,Daily
Triumph,Stag
Caterham,Seven
Dodge,Durango
Daimler,Sovereign
Lexus,LS 430
Lexus,LC 500
MG,Midget
Toyota,Sienta
BMW,E9
Renault,Vel Satis
Mercedes-Benz,Sprinter
Peugeot,807
Aston Martin,Rapide S
Volkswagen,Amarok
Audi,A2
Rover,P6
Aston Martin,Rapide
Vauxhall,Vivaro Life
Lexus,LS 460
Hummer,H3
Honda,Legend
Peugeot,1007
Land Rover,Series III
Austin,Maestro
BMW,M6 Gran Coupe
Toyota,Surf
Porsche,917
Porsche,928
Proton,Savvy
Bentley,Turbo R
Chevrolet,Tacuma
Nissan,Murano
Jeep,Patriot
Citroen,C-Zero
Peugeot,4007
Alfa Romeo,164
Renault,Twizy
Mercedes-Benz,450
Renault,5
Nissan,Cube
Vauxhall,Monaro
Audi,S6 Avant
Maserati,222
Cadillac,Escalade
Citroen,C8
Toyota,HiAce
Ferrari,Dino
Renault,Grand Espace
TVR,Chimaera
Chevrolet,SSR
BMW,Alpina D3
Lexus,LS 500h
Mercedes-Benz,320
Fiat,Idea
Rolls-Royce,Silver Seraph
Triumph,GT6
Lexus,RC F
Peugeot,Bipper Tepee
Suzuki,Kizashi
Suzuki,Across
Peugeot,106
Lotus,Elan
Renault,11
Carbodies,Black Cab
Ferrari,365
Chrysler,PT Cruiser
London Taxis International,TX4
Mitsubishi,Space Star
Mercedes-Benz,310
Hyundai,Atoz
McLaren,675LT
Jeep,Commander
Hyundai,Sonata
Audi,Coupe
Audi,Allroad
Dodge,Viper
BMW,Alpina D4
Mercedes-Benz,350
Morgan,4/4
Audi,SQ8
Honda,Integra
Citroen,Xsara
Mazda,CX-7
GMC,Pickup
Vauxhall,VX220
Ferrari,512
London Taxis International,TXII
Porsche,918
Fiat,Fullback
TVR,Sagaris
Mercedes-Benz,CE Class
Proton,Impian
Lexus,RX Unspecified
Jensen,Interceptor
Volkswagen,Karmann
Abarth,695C
McLaren,P1
International,Harvester A100
Alfa Romeo,GTV
Westfield,Sei
Rover,75 Tourer
MG,MGC
Toyota,Starlet
Infiniti,Q70
Infiniti,QX70
Lexus,GS 430
Fiat,Stilo
Renault,Fluence
TVR,Tamora
Lamborghini,Murcielago
Audi,Cabriolet
Mercedes-Benz,230 SL
Toyota,Celsior
Ferrari,LaFerrari
Aston Martin,Le Mans
Volkswagen,Lupo
Mercedes-Benz,X Class
Audi,quattro
Ferrari,Testarossa
Chevrolet,Camaro
Volkswagen,Caddy Camper
Toyota,Land Cruiser Amazon
Perodua,Kenari
Lexus,IS F
Infiniti,Q60
Mercedes-Benz,220
Infiniti,EX
Maserati,Coupe
Fiat,Fiorino
Hyundai,Galloper
Fiat,Cinquecento
Subaru,Tribeca
Citroen,ZX
Dodge,Charger
Mercedes-Benz,Maybach S Class
Audi,80
Triumph,Dolomite
Vauxhall,Frontera
Toyota,Mark II Blitz
Daewoo,Matiz
Renault,Master
Morris,Isis
Westfield,Se
Honda,Logo
Fiat,Regata
BMW,Alpina B6
Morris,Minor
Morgan,Plus Eight
Daewoo,Kalos
Mercedes-Benz,230
Fiat,Multipla
BMW,M8 Gran Coupe
Pagani,Huayra
Isuzu,Gemini
Lamborghini,Diablo
Toyota,Vellfire
BMW,Alpina Unspecified Models
Mercedes-Benz,250
Hummer,H2
Wolseley,6/110
Nissan,Caravan Limousine
Rover,400
Lexus,LS 400
Aston Martin,Cygnet
Aston Martin,DBX
Austin,Ambassador
Daimler,Limousine
Mazda,Biante
Rover,City Rover
Pilgrim,Sumo
Lexus,LS 600h
Toyota,Will
Morgan,3 Wheeler
Nissan,eNV200 Evalia
Mercedes-Benz,560SL
Vauxhall,Cavalier
Vauxhall,Combo Tour
Westfield,Sport
Volvo,960
Toyota,Carina E
Honda,Prelude
Infiniti,M
Land Rover,Series I
Fiat,Scudo
Subaru,Justy
Bristol,Blenheim
Aixam,700
Abarth,Punto Evo
Lincoln,Town Car
Lamborghini,Jalpa
Nissan,NV250
TVR,350i
Maserati,3200
Holden,Commodore
Reliant,Rialto
TVR,Cerbera
Rover,110
Infiniti,G
TVR,T350
Ariel,Atom
Bentley,T Series
Plymouth,Prowler
Toyota,BB
Corvette,Stingray
Triumph,TR4
Honda,CR-X
Maserati,Shamal
Ferrari,246
Kia,Cerato
Peugeot,607
Toyota,Paseo
Renault,Espace
Jaguar,XK140
Ferrari,F12tdf
Hyundai,S-Coupe
Ferrari,355 F1
Chevrolet,Chevy
Toyota,Soarer
Jaguar,C-Type
Renault,Kangoo Maxi
Tesla,Roadster
Aston Martin,DB5
Volvo,S70
Ferrari,575M
Mitsubishi,Eclipse
Cadillac,STS
Fiat,Seicento
Daihatsu,Cuore
Ferrari,250
Isuzu,Trooper
Mazda,MX-6
Subaru,Exiga
Aston Martin,Volante
Cadillac,De Ville
Aston Martin,DB2
Mercedes-Benz,SLR McLaren
Ferrari,456M
Nissan,President
Maserati,3500
Austin,Cooper
BMW,Alpina B3
Westfield,1600
Ferrari,456
Nissan,Terrano II
Austin,Twelve
Mercedes-Benz,Vaneo
Rolls-Royce,Park Ward
Ferrari,Mondial
Nissan,Patrol
Peugeot,306
Proton,Satria Neo
Renault,19
Leyland,Mini
Morris,10
Jaguar,SS
Mitsubishi,Space Wagon
Mazda,323
Holden,HSV
Toyota,Land Cruiser Colorado
BMW,Alpina D4 Bi-Turbo
BMW,Isetta
Toyota,Starlet Glanza V
Fiat,Sedici
Ferrari,Scuderia Spider
Lotus,Europa
Triumph,Spitfire
Isuzu,TF
Fiat,Croma
Daewoo,Lacetti
Citroen,Xantia
MG,RV8
Mercedes-Benz,Citan
Opel,Corsa
Mercedes-Benz,190 SL
Rover,Metro
Corvette,C5
BAC,Mono
Mazda,MX-3
Toyota,Granvia
Aston Martin,Virage
Aixam,Crossline
BMW,Alpina D5 Bi-Turbo
Lotus,340R
Mitsubishi,Airtrek
Lancia,Stratos
Beauford,Series 3
Austin,A35
Mercedes-Benz,260
GMC,Syclone
Suzuki,Cappuccino
Nissan,Stagea
Perodua,Kelisa
Lexus,GS F
Nissan,Maxima QX
Rover,Coupe
Infiniti,QX30
Cadillac,CTS
Toyota,Porte
Fiat,Abarth
Jaguar,Mark I
Toyota,Crown
Ferrari,F512
Opel,Zafira
Triumph,1500
BMW,Z1
Ultima,CAN-AM
Bentley,Eight
Rolls-Royce,Silver Wraith
Mazda,MX-30
Triumph,Herald
Mitsubishi,i
BMW,Alpina B4
Fiat,Ulysse
Mev,Exocet
Land Rover,Defender 130
Morris,Mini
Saab,9000
Mercedes-Benz,380
Alfa Romeo,SZ
Bugatti,Chiron
TVR,S Convertible
Datsun,240Z
Mercedes-Benz,420
Zenos,E10
Toyota,Avensis Verso
Lancia,Monte Carlo
Lincoln,MKX
Daihatsu,YRV
Corvette,Z06
Jaguar,XK150
Triumph,TR2
Infiniti,QX56
Nissan,Primastar
Lamborghini,Countach
Rolls-Royce,Silver Cloud
Mitsubishi,Pajero Mini
AK,Cobra
Bentley,Turbo RT
Morgan,Plus Six
Infiniti,QX50
Nissan,Sunny
Jaguar,XJ220
Daihatsu,Tanto
Nissan,300
Ferrari,275
Bentley,R-Type
Honda,Stream
Noble,M12
Bentley,Series II
Lexus,RC 200t
Mercedes-Benz,240
Proton,Wira
Austin,Metro
Toyota,Townace
Tiger,Avon
Fiat,127
Hyundai,Elantra
Daewoo,Tacuma
Plymouth,Cuda
Honda,Shuttle
Buick,Riviera
CUPRA,Formentor
Gentry,TF
Sebring,MXR
Nissan,Patrol GR
Holden,SS
Daihatsu,Materia
Alfa Romeo,146
Rover,600
Mitsubishi,FTO
Land Rover,Modified
Dax,Rush
Ariel,Nomad
Maybach,57
Mercedes-Benz,EQV
Lamborghini,Miura
Chrysler,Viper
Mercedes-Benz,600
Ferrari,Enzo
Toyota,Emina
Opel,Monza
Morris,Oxford
Honda,Freed
Daimler,XJ6
Fiat,Uno
Volvo,240
Vauxhall,Nova
MG,ZT-T
Toyota,Picnic
Fiat,126
Porsche,959
Chevrolet,El Camino
Fiat,Spider
Proton,Satria
MG,TC
Nissan,Fairlady
Peugeot,iOn
Honda,Concerto
Nissan,Tiida
Ferrari,Daytona
Mazda,Premacy
Triumph,Renown
Chevrolet,GMC
Fiat,600
Radical,Rapture
Pontiac,Firebird
Maserati,Biturbo
Volvo,122
Mitsuoka,Galue
BMW,Alpina B7
SsangYong,Korando Sports
Maserati,Spyder
Vauxhall,Victor
Mazda,Demio
Porsche,912
Toyota,Sparky
Mazda,RX-7
Morgan,Aero
Rolls-Royce,25/30
Audi,100
Volvo,740
Lexus,GS Unspecified
Toyota,Prado
Triumph,2500
Nissan,NV400
Mazda,626
Mazda,Tribute
Custom Vehicle,Replica
Fiat,Tempra
Mazda,MPV
Toyota,Sera
Fiat,Pininfarina
Volvo,480
